{
    "root_group": {
        "groups": {},
        "checks": {
                "status is 200": {
                    "id": "6210a8cd14cd70477eba5c5e4cb3fb5f",
                    "passes": 3524,
                    "fails": 76,
                    "name": "status is 200",
                    "path": "::status is 200"
                }
            },
        "name": "",
        "path": "",
        "id": "d41d8cd98f00b204e9800998ecf8427e"
    },
    "metrics": {
        "http_req_duration": {
            "max": 26.0634,
            "p(90)": 5.0187689,
            "p(95)": 6.089863699999998,
            "avg": 3.815888731944458,
            "min": 0,
            "med": 3.4490315,
            "thresholds": {
                "p(95)<1000": false
            }
        },
        "http_reqs": {
            "count": 3600,
            "rate": 29.85892655015729
        },
        "http_req_duration{expected_response:true}": {
            "p(90)": 4.985245400000001,
            "p(95)": 5.9612341499999975,
            "avg": 3.8126216398978583,
            "min": 1.681528,
            "med": 3.458355,
            "max": 20.553876
        },
        "http_req_connecting": {
            "p(95)": 0,
            "avg": 0.0029721672222222223,
            "min": 0,
            "med": 0,
            "max": 0.463755,
            "p(90)": 0
        },
        "http_req_receiving": {
            "min": 0,
            "med": 0.16179,
            "max": 4.189292,
            "p(90)": 0.34449789999999997,
            "p(95)": 0.4521641499999992,
            "avg": 0.19914013916666634
        },
        "iterations": {
            "count": 3600,
            "rate": 29.85892655015729
        },
        "vus_max": {
            "max": 30,
            "value": 30,
            "min": 30
        },
        "checks": {
            "passes": 3524,
            "fails": 76,
            "value": 0.9788888888888889
        },
        "http_req_failed": {
            "passes": 76,
            "fails": 3524,
            "thresholds": {
                "rate<0.01": true
            },
            "value": 0.021111111111111112
        },
        "http_req_blocked": {
            "med": 0.012502,
            "max": 1.130541,
            "p(90)": 0.0154351,
            "p(95)": 0.017743499999999978,
            "avg": 0.021740260555555484,
            "min": 0
        },
        "vus": {
            "value": 30,
            "min": 30,
            "max": 30
        },
        "data_received": {
            "count": 33961007,
            "rate": 281677.5593284382
        },
        "iteration_duration": {
            "max": 1026.723682,
            "p(90)": 1005.7304204,
            "p(95)": 1006.84784355,
            "avg": 1004.4920668894467,
            "min": 1000.339913,
            "med": 1004.1264945
        },
        "http_req_waiting": {
            "med": 3.207237,
            "max": 20.406299,
            "p(90)": 4.752523,
            "p(95)": 5.599429499999998,
            "avg": 3.5198990058333375,
            "min": 0
        },
        "http_req_tls_handshaking": {
            "p(95)": 0,
            "avg": 0,
            "min": 0,
            "med": 0,
            "max": 0,
            "p(90)": 0
        },
        "http_req_sending": {
            "avg": 0.09684958694444412,
            "min": 0,
            "med": 0.025213,
            "max": 24.819994,
            "p(90)": 0.036807,
            "p(95)": 0.04540399999999996
        },
        "data_sent": {
            "count": 273812,
            "rate": 2271.0367768199076
        }
    }
}